<?xml version="1.0" encoding="utf-8" ?><dwsync><file name=".DS_Store" server="kelliemhatch.com" local="3586983136" remote="3539746800" Dst="-1" /><file name="about-image1.jpg" server="kelliemhatch.com" local="3586983136" remote="3539574000" Dst="-1" /><file name="about-image2.jpg" server="kelliemhatch.com" local="3586983136" remote="3539574000" Dst="-1" /><file name="betrue-device.png" server="kelliemhatch.com" local="3586983137" remote="3539660400" Dst="-1" /><file name="betrue-hero.jpg" server="kelliemhatch.com" local="3586983137" remote="3539660400" Dst="-1" /><file name="close-icon-large-2.png" server="kelliemhatch.com" local="3586983137" remote="3539574000" Dst="-1" /><file name="close-icon-large.svg" server="kelliemhatch.com" local="3586983137" remote="3539574000" Dst="-1" /><file name="dan-image1.jpg" server="kelliemhatch.com" local="3586983137" remote="3539574000" Dst="-1" /><file name="aboutHero.jpg" server="kelliemhatch.com" local="3586983137" remote="3539574000" Dst="-1" /><file name="dan-image2.jpg" server="kelliemhatch.com" local="3586983137" remote="3539574000" Dst="-1" /><file name="dan-image3.jpg" server="kelliemhatch.com" local="3586983137" remote="3539574000" Dst="-1" /><file name="danielStewart-hero.jpg" server="kelliemhatch.com" local="3586983137" remote="3539574000" Dst="-1" /><file name="designHero.jpg" server="kelliemhatch.com" local="3586983137" remote="3539746800" Dst="-1" /><file name="favicon.ico" server="kelliemhatch.com" local="3586983137" remote="3539746800" Dst="-1" /><file name="danielStewart-device.png" server="kelliemhatch.com" local="3586983137" remote="3539574000" Dst="-1" /><file name="halfpint-image1.jpg" server="kelliemhatch.com" local="3586983138" remote="3539660400" Dst="-1" /><file name="halfpint-hero.jpg" server="kelliemhatch.com" local="3586983138" remote="3539660400" Dst="-1" /><file name="halfpint-device.png" server="kelliemhatch.com" local="3586983138" remote="3539660400" Dst="-1" /><file name="halfpint-image2.jpg" server="kelliemhatch.com" local="3586983138" remote="3539660400" Dst="-1" /><file name="helpingsave-image1.jpg" server="kelliemhatch.com" local="3586983138" remote="3539660400" Dst="-1" /><file name="helpingsave-device.png" server="kelliemhatch.com" local="3586983138" remote="3539660400" Dst="-1" /><file name="helpingsave-hero.jpg" server="kelliemhatch.com" local="3586983138" remote="3539660400" Dst="-1" /><file name="helpingsave-image3.jpg" server="kelliemhatch.com" local="3586983138" remote="3539660400" Dst="-1" /><file name="helpingsave-image2.jpg" server="kelliemhatch.com" local="3586983138" remote="3539660400" Dst="-1" /><file name="helpingsave-image4.jpg" server="kelliemhatch.com" local="3586983138" remote="3539660400" Dst="-1" /><file name="logo-grey.svg" server="kelliemhatch.com" local="3586983138" remote="3539574000" Dst="-1" /><file name="logo-grey.png" server="kelliemhatch.com" local="3586983138" remote="3539574000" Dst="-1" /><file name="heroHeader3.png" server="kelliemhatch.com" local="3586983138" remote="3539574000" Dst="-1" /><file name="logo-white.svg" server="kelliemhatch.com" local="3586983138" remote="3539574000" Dst="-1" /><file name="logo-white.png" server="kelliemhatch.com" local="3586983138" remote="3539574000" Dst="-1" /><file name="menu-icon-large.svg" server="kelliemhatch.com" local="3586983139" remote="3539574000" Dst="-1" /><file name="recent2.jpg" server="kelliemhatch.com" local="3586983139" remote="3539746800" Dst="-1" /><file name="recent3.jpg" server="kelliemhatch.com" local="3586983139" remote="3539574000" Dst="-1" /><file name="recent4.jpg" server="kelliemhatch.com" local="3586983139" remote="3539574000" Dst="-1" /><file name="recent5.jpg" server="kelliemhatch.com" local="3586983139" remote="3539574000" Dst="-1" /><file name="reforming-device.png" server="kelliemhatch.com" local="3586983139" remote="3539574000" Dst="-1" /><file name="recent1.jpg" server="kelliemhatch.com" local="3586983139" remote="3539574000" Dst="-1" /><file name="socialIcon-facebook.svg" server="kelliemhatch.com" local="3586983139" remote="3539574000" Dst="-1" /><file name="reforming-hero.jpg" server="kelliemhatch.com" local="3586983139" remote="3539574000" Dst="-1" /><file name="socialIcon-linkedin.svg" server="kelliemhatch.com" local="3586983139" remote="3539574000" Dst="-1" /><file name="socialIcon-pinterst.svg" server="kelliemhatch.com" local="3586983139" remote="3539574000" Dst="-1" /><file name="socialIcon-twitter.svg" server="kelliemhatch.com" local="3586983139" remote="3539574000" Dst="-1" /><file name="spike-image1.jpg" server="kelliemhatch.com" local="3586983139" remote="3539574000" Dst="-1" /><file name="spike-image2.jpg" server="kelliemhatch.com" local="3586983139" remote="3539574000" Dst="-1" /><file name="spike-image3.jpg" server="kelliemhatch.com" local="3586983139" remote="3539574000" Dst="-1" /><file name="spike-image4.jpg" server="kelliemhatch.com" local="3586983139" remote="3539574000" Dst="-1" /><file name="spike-hero.jpg" server="kelliemhatch.com" local="3586983139" remote="3539574000" Dst="-1" /><file name="website1-spike.jpg" server="kelliemhatch.com" local="3586983140" remote="3539574000" Dst="-1" /><file name="website2-dan.jpg" server="kelliemhatch.com" local="3586983140" remote="3539574000" Dst="-1" /><file name="website3-reforming.jpg" server="kelliemhatch.com" local="3586983140" remote="3539660400" Dst="-1" /><file name="website4-betrue.jpg" server="kelliemhatch.com" local="3586983140" remote="3539660400" Dst="-1" /><file name="spike-sprite.png" server="kelliemhatch.com" local="3586983140" remote="3539574000" Dst="-1" /><file name="website5-helpingsave.jpg" server="kelliemhatch.com" local="3586983140" remote="3539660400" Dst="-1" /><file name="website6-halfpint.jpg" server="kelliemhatch.com" local="3586983140" remote="3539660400" Dst="-1" /><file name="webHero.jpg" server="kelliemhatch.com" local="3586983141" remote="3539574000" Dst="-1" /><file name="reforming-device.png" server="kelliehatch.dev" local="3586983139" remote="3647871120" Dst="-1" /><file name="betrue-hero.jpg" server="kelliehatch.dev" local="3586983137" remote="3647871120" Dst="-1" /><file name="halfpint-hero.jpg" server="kelliehatch.dev" local="3586983138" remote="3647871120" Dst="-1" /><file name="favicon.ico" server="kelliehatch.dev" local="3586983137" remote="3647871120" Dst="-1" /><file name="socialIcon-twitter.svg" server="kelliehatch.dev" local="3586983139" remote="3647871120" Dst="-1" /><file name="halfpint-device.png" server="kelliehatch.dev" local="3586983138" remote="3647871120" Dst="-1" /><file name="socialIcon-linkedin.svg" server="kelliehatch.dev" local="3586983139" remote="3647871120" Dst="-1" /><file name="website5-helpingsave.jpg" server="kelliehatch.dev" local="3586983140" remote="3647871120" Dst="-1" /><file name="halfpint-image1.jpg" server="kelliehatch.dev" local="3586983138" remote="3647871120" Dst="-1" /><file name="helpingsave-device.png" server="kelliehatch.dev" local="3586983138" remote="3647871120" Dst="-1" /><file name="halfpint-image2.jpg" server="kelliehatch.dev" local="3586983138" remote="3647871120" Dst="-1" /><file name="helpingsave-image4.jpg" server="kelliehatch.dev" local="3586983138" remote="3647871120" Dst="-1" /><file name="website1-spike.jpg" server="kelliehatch.dev" local="3586983140" remote="3647871120" Dst="-1" /><file name="helpingsave-image1.jpg" server="kelliehatch.dev" local="3586983138" remote="3647871120" Dst="-1" /><file name="danielStewart-hero.jpg" server="kelliehatch.dev" local="3586983137" remote="3647871120" Dst="-1" /><file name="website3-reforming.jpg" server="kelliehatch.dev" local="3586983140" remote="3647871120" Dst="-1" /><file name="socialIcon-facebook.svg" server="kelliehatch.dev" local="3586983139" remote="3647871120" Dst="-1" /><file name="helpingsave-image2.jpg" server="kelliehatch.dev" local="3586983138" remote="3647871120" Dst="-1" /><file name="website6-halfpint.jpg" server="kelliehatch.dev" local="3586983140" remote="3647871120" Dst="-1" /><file name="helpingsave-image3.jpg" server="kelliehatch.dev" local="3586983138" remote="3647871120" Dst="-1" /><file name="spike-hero.jpg" server="kelliehatch.dev" local="3586983139" remote="3647871120" Dst="-1" /><file name="reforming-hero.jpg" server="kelliehatch.dev" local="3586983139" remote="3647871120" Dst="-1" /><file name="dan-image2.jpg" server="kelliehatch.dev" local="3586983137" remote="3647871120" Dst="-1" /><file name="logo-white.png" server="kelliehatch.dev" local="3586983138" remote="3647871120" Dst="-1" /><file name="spike-image1.jpg" server="kelliehatch.dev" local="3586983139" remote="3647871120" Dst="-1" /><file name="socialIcon-pinterst.svg" server="kelliehatch.dev" local="3586983139" remote="3647871120" Dst="-1" /><file name="aboutHero.jpg" server="kelliehatch.dev" local="3586983137" remote="3647871120" Dst="-1" /><file name="website4-betrue.jpg" server="kelliehatch.dev" local="3586983140" remote="3647871120" Dst="-1" /><file name="dan-image3.jpg" server="kelliehatch.dev" local="3586983137" remote="3647871120" Dst="-1" /><file name="logo-grey.png" server="kelliehatch.dev" local="3586983138" remote="3647871120" Dst="-1" /><file name="spike-image2.jpg" server="kelliehatch.dev" local="3586983139" remote="3647871120" Dst="-1" /><file name="dan-image1.jpg" server="kelliehatch.dev" local="3586983137" remote="3647871120" Dst="-1" /><file name="recent5.jpg" server="kelliehatch.dev" local="3586983139" remote="3647871120" Dst="-1" /><file name="betrue-device.png" server="kelliehatch.dev" local="3586983137" remote="3647871120" Dst="-1" /><file name="designHero.jpg" server="kelliehatch.dev" local="3586983137" remote="3647871120" Dst="-1" /><file name="recent4.jpg" server="kelliehatch.dev" local="3586983139" remote="3647871120" Dst="-1" /><file name="spike-image3.jpg" server="kelliehatch.dev" local="3586983139" remote="3647871120" Dst="-1" /><file name="helpingsave-hero.jpg" server="kelliehatch.dev" local="3586983138" remote="3647871120" Dst="-1" /><file name="about-image2.jpg" server="kelliehatch.dev" local="3586983136" remote="3647871120" Dst="-1" /><file name="website2-dan.jpg" server="kelliehatch.dev" local="3586983140" remote="3647871120" Dst="-1" /><file name="close-icon-large.svg" server="kelliehatch.dev" local="3586983137" remote="3647871120" Dst="-1" /><file name="spike-image4.jpg" server="kelliehatch.dev" local="3586983139" remote="3647871120" Dst="-1" /><file name="about-image1.jpg" server="kelliehatch.dev" local="3586983136" remote="3647871120" Dst="-1" /><file name="recent3.jpg" server="kelliehatch.dev" local="3586983139" remote="3647871120" Dst="-1" /><file name="recent1.jpg" server="kelliehatch.dev" local="3586983139" remote="3647871120" Dst="-1" /><file name="recent2.jpg" server="kelliehatch.dev" local="3586983139" remote="3647871120" Dst="-1" /><file name="close-icon-large-2.png" server="kelliehatch.dev" local="3586983137" remote="3647871120" Dst="-1" /><file name="menu-icon-large.svg" server="kelliehatch.dev" local="3586983139" remote="3647871120" Dst="-1" /><file name="heroHeader3.png" server="kelliehatch.dev" local="3586983138" remote="3647871120" Dst="-1" /><file name="logo-grey.svg" server="kelliehatch.dev" local="3586983138" remote="3647871120" Dst="-1" /><file name="spike-sprite.png" server="kelliehatch.dev" local="3586983140" remote="3647871120" Dst="-1" /><file name="danielStewart-device.png" server="kelliehatch.dev" local="3586983137" remote="3647871120" Dst="-1" /><file name="logo-white.svg" server="kelliehatch.dev" local="3586983138" remote="3647871120" Dst="-1" /><file name="webHero.jpg" server="kelliehatch.dev" local="3586983141" remote="3647871120" Dst="-1" /><file name="heroHeader.jpg" server="kelliehatch.dev" local="3647872922" remote="3647872980" Dst="-1" /><file name="about-img2.jpg" server="kelliehatch.dev" local="3648429227" remote="3648429300" Dst="-1" /><file name="about-img1.jpg" server="kelliehatch.dev" local="3648429228" remote="3648429300" Dst="-1" /></dwsync>