<?xml version="1.0" encoding="utf-8" ?><dwsync><file name=".DS_Store" server="kelliemhatch.com" local="3586983135" remote="3539574000" Dst="-1" /><file name="footer.php" server="kelliemhatch.com" local="3586983136" remote="3539746800" Dst="-1" /><file name="functions.php" server="kelliemhatch.com" local="3586983136" remote="3539574000" Dst="-1" /><file name="header.php" server="kelliemhatch.com" local="3586983136" remote="3539746800" Dst="-1" /><file name="index.php" server="kelliemhatch.com" local="3586983140" remote="3539574000" Dst="-1" /><file name="page.php" server="kelliemhatch.com" local="3586983140" remote="3539574000" Dst="-1" /><file name="search.php" server="kelliemhatch.com" local="3586983141" remote="3539574000" Dst="-1" /><file name="searchform.php" server="kelliemhatch.com" local="3586983141" remote="3539574000" Dst="-1" /><file name="style.css" server="kelliemhatch.com" local="3586983141" remote="3539746800" Dst="-1" /><file name="screenshot.png" server="kelliemhatch.com" local="3586983141" remote="3539574000" Dst="-1" /><file name="index.php" server="kelliehatch.dev" local="3586983140" remote="3647871120" Dst="-1" /><file name="functions.php" server="kelliehatch.dev" local="3586983136" remote="3647871120" Dst="-1" /><file name="search.php" server="kelliehatch.dev" local="3586983141" remote="3647871120" Dst="-1" /><file name="header.php" server="kelliehatch.dev" local="3648431080" remote="3648431040" Dst="-1" /><file name="screenshot.png" server="kelliehatch.dev" local="3586983141" remote="3647871120" Dst="-1" /><file name="footer.php" server="kelliehatch.dev" local="3648432869" remote="3648432840" Dst="-1" /><file name="page.php" server="kelliehatch.dev" local="3586983140" remote="3647871120" Dst="-1" /><file name="searchform.php" server="kelliehatch.dev" local="3586983141" remote="3647871120" Dst="-1" /><file name="style.css" server="kelliehatch.dev" local="3648433868" remote="3648433860" Dst="-1" /><file name="front-page.php" server="kelliehatch.dev" local="3648431267" remote="3648431220" Dst="-1" /><file name="single-webdev.php" server="kelliehatch.dev" local="3648433158" remote="3648433140" Dst="-1" /><file name="devprojects_template.php" server="kelliehatch.dev" local="3648433127" remote="3648433080" Dst="-1" /><file name="about_template.php" server="kelliehatch.dev" local="3648433142" remote="3648433140" Dst="-1" /><file name="contact_template.php" server="kelliehatch.dev" local="3648433147" remote="3648433140" Dst="-1" /></dwsync>