<?xml version="1.0" encoding="utf-8" ?><dwsync><file name="design-logo1.jpg" server="kelliemhatch.com" local="3586983137" remote="3539746800" Dst="-1" /><file name="design-logo10.jpg" server="kelliemhatch.com" local="3586983137" remote="3539746800" Dst="-1" /><file name="design-logo2.jpg" server="kelliemhatch.com" local="3586983137" remote="3539746800" Dst="-1" /><file name="design-logo3.jpg" server="kelliemhatch.com" local="3586983137" remote="3539746800" Dst="-1" /><file name="design-logo4.jpg" server="kelliemhatch.com" local="3586983138" remote="3539746800" Dst="-1" /><file name="design-logo5.jpg" server="kelliemhatch.com" local="3586983138" remote="3539746800" Dst="-1" /><file name="design-logo6.jpg" server="kelliemhatch.com" local="3586983138" remote="3539746800" Dst="-1" /><file name="design-logo7.jpg" server="kelliemhatch.com" local="3586983138" remote="3539746800" Dst="-1" /><file name="design-logo8.jpg" server="kelliemhatch.com" local="3586983138" remote="3539746800" Dst="-1" /><file name="design-logo9.jpg" server="kelliemhatch.com" local="3586983138" remote="3539746800" Dst="-1" /><file name="design-logo8.jpg" server="kelliehatch.dev" local="3586983138" remote="3647871120" Dst="-1" /><file name="design-logo9.jpg" server="kelliehatch.dev" local="3586983138" remote="3647871120" Dst="-1" /><file name="design-logo2.jpg" server="kelliehatch.dev" local="3586983137" remote="3647871120" Dst="-1" /><file name="design-logo3.jpg" server="kelliehatch.dev" local="3586983137" remote="3647871120" Dst="-1" /><file name="design-logo1.jpg" server="kelliehatch.dev" local="3586983137" remote="3647871120" Dst="-1" /><file name="design-logo4.jpg" server="kelliehatch.dev" local="3586983138" remote="3647871120" Dst="-1" /><file name="design-logo5.jpg" server="kelliehatch.dev" local="3586983138" remote="3647871120" Dst="-1" /><file name="design-logo6.jpg" server="kelliehatch.dev" local="3586983138" remote="3647871120" Dst="-1" /><file name="design-logo10.jpg" server="kelliehatch.dev" local="3586983137" remote="3647871120" Dst="-1" /><file name="design-logo7.jpg" server="kelliehatch.dev" local="3586983138" remote="3647871120" Dst="-1" /></dwsync>